{"id_stacji":{"id_stacji":1.0,"godzina_pomiaru":0.1537499401,"temperatura":0.0642165018,"predkosc_wiatru":-0.2556519842,"kierunek_wiatru":0.33152878,"wilgotnosc_wzgledna":-0.1189014068,"suma_opadu":-0.1152654632,"cisnienie":-0.6005969112},"godzina_pomiaru":{"id_stacji":0.1537499401,"godzina_pomiaru":1.0,"temperatura":-0.0410318151,"predkosc_wiatru":0.2255911891,"kierunek_wiatru":0.1030929869,"wilgotnosc_wzgledna":0.0756447837,"suma_opadu":0.0301733211,"cisnienie":-0.2575856928},"temperatura":{"id_stacji":0.0642165018,"godzina_pomiaru":-0.0410318151,"temperatura":1.0,"predkosc_wiatru":-0.3126558755,"kierunek_wiatru":-0.249839652,"wilgotnosc_wzgledna":-0.8789711421,"suma_opadu":-0.1864753603,"cisnienie":-0.5263775097},"predkosc_wiatru":{"id_stacji":-0.2556519842,"godzina_pomiaru":0.2255911891,"temperatura":-0.3126558755,"predkosc_wiatru":1.0,"kierunek_wiatru":-0.0469024053,"wilgotnosc_wzgledna":0.1184584209,"suma_opadu":-0.1492409434,"cisnienie":0.1238542486},"kierunek_wiatru":{"id_stacji":0.33152878,"godzina_pomiaru":0.1030929869,"temperatura":-0.249839652,"predkosc_wiatru":-0.0469024053,"kierunek_wiatru":1.0,"wilgotnosc_wzgledna":0.1799845777,"suma_opadu":0.2185763954,"cisnienie":-0.3786985078},"wilgotnosc_wzgledna":{"id_stacji":-0.1189014068,"godzina_pomiaru":0.0756447837,"temperatura":-0.8789711421,"predkosc_wiatru":0.1184584209,"kierunek_wiatru":0.1799845777,"wilgotnosc_wzgledna":1.0,"suma_opadu":0.1320544969,"cisnienie":0.4480079802},"suma_opadu":{"id_stacji":-0.1152654632,"godzina_pomiaru":0.0301733211,"temperatura":-0.1864753603,"predkosc_wiatru":-0.1492409434,"kierunek_wiatru":0.2185763954,"wilgotnosc_wzgledna":0.1320544969,"suma_opadu":1.0,"cisnienie":0.2441602751},"cisnienie":{"id_stacji":-0.6005969112,"godzina_pomiaru":-0.2575856928,"temperatura":-0.5263775097,"predkosc_wiatru":0.1238542486,"kierunek_wiatru":-0.3786985078,"wilgotnosc_wzgledna":0.4480079802,"suma_opadu":0.2441602751,"cisnienie":1.0}}