{"id_stacji":{"count":62.0,"mean":12385.1451612903,"std":180.1365462755,"min":12001.0,"25%":12231.25,"50%":12399.5,"75%":12537.5,"max":12695.0},"godzina_pomiaru":{"count":62.0,"mean":21.8387096774,"std":0.370801011,"min":21.0,"25%":22.0,"50%":22.0,"75%":22.0,"max":22.0},"temperatura":{"count":62.0,"mean":17.0806451613,"std":3.1177355543,"min":7.2,"25%":15.55,"50%":17.7,"75%":19.075,"max":22.5},"predkosc_wiatru":{"count":60.0,"mean":3.2,"std":2.2534342905,"min":0.0,"25%":2.0,"50%":3.0,"75%":4.0,"max":13.0},"kierunek_wiatru":{"count":61.0,"mean":89.9672131148,"std":56.5923926611,"min":0.0,"25%":70.0,"50%":70.0,"75%":90.0,"max":340.0},"wilgotnosc_wzgledna":{"count":62.0,"mean":73.7193548387,"std":13.3217785293,"min":47.4,"25%":63.525,"50%":73.55,"75%":83.725,"max":98.0},"suma_opadu":{"count":62.0,"mean":2.5229032258,"std":3.99866305,"min":0.0,"25%":0.0,"50%":0.55,"75%":3.075,"max":16.5},"cisnienie":{"count":59.0,"mean":1011.5796610169,"std":2.4239309525,"min":1007.7,"25%":1009.55,"50%":1011.3,"75%":1013.75,"max":1016.6}}