{"coefficients": [-0.31939490243940233, -0.007819312682286125, -0.1803224155163669, -0.04898027796757651, -0.14785191762456673], "intercept": 181.78700796706926}