{"coefficients": [[-0.17740833125831185, -0.003379349111685917, 0.043782144857505624, -0.0023270739031414694]], "intercept": [-0.00026632148342108477]}